{"eval_loss": 0.6712408065795898, "eval_rouge1": 0.6813039421192061, "eval_rouge2": 0.600212172181025, "eval_rougeL": 0.6452167875185628, "eval_rougeLsum": 0.6714865512581554, "eval_runtime": 1106.0189, "eval_samples_per_second": 3.401, "eval_steps_per_second": 0.426, "epoch": 3.0}