{"eval_loss": 0.5976317524909973, "eval_rouge1": 0.682377584319096, "eval_rouge2": 0.6055809609561018, "eval_rougeL": 0.6490064606746873, "eval_rougeLsum": 0.6728720102402448, "eval_runtime": 899.077, "eval_samples_per_second": 4.184, "eval_steps_per_second": 0.524, "epoch": 3.0}