{"eval_loss": 0.5376449823379517, "eval_rouge1": 0.6578535232670708, "eval_rouge2": 0.5860617703657387, "eval_rougeL": 0.6272031590547716, "eval_rougeLsum": 0.6492784059277354, "eval_runtime": 827.9129, "eval_samples_per_second": 4.544, "eval_steps_per_second": 0.569, "epoch": 3.0}