{"eval_loss": 0.7771861553192139, "eval_rouge1": 0.6505126244879144, "eval_rouge2": 0.5673431688996508, "eval_rougeL": 0.6124387532072134, "eval_rougeLsum": 0.641838960450171, "eval_runtime": 1295.8065, "eval_samples_per_second": 2.903, "eval_steps_per_second": 0.363, "epoch": 3.0}